,City,Cloudiness,Country,Humidity,Latitude,Longitude,Temperature,Wind Speed
0,Baruun-Urt,0,MN,90,46.68,113.28,-3.95,9.62
1,Coquimbo,75,CL,77,-29.95,-71.34,62.6,11.41
2,Barrow,75,US,77,71.29,-156.79,6.8,10.29
3,Kodiak,20,US,59,57.79,-152.41,36.36,13.87
4,Rio Grande,0,BR,57,-32.03,-52.1,75.33,13.87
5,Champerico,20,GT,46,14.3,-91.92,91.4,9.17
6,Upernavik,100,GL,89,72.79,-56.15,-6.03,7.9
7,Gawler,0,AU,47,-34.6,138.73,82.27,4.7
8,Bluff,26,NZ,59,-46.6,168.33,63.0,1.99
9,Butaritari,100,KI,83,3.07,172.79,82.22,17.07
10,Punta Arenas,75,CL,59,-53.15,-70.92,60.91,17.22
11,Bredasdorp,96,ZA,83,-34.53,20.04,73.99,7.0
12,Viedma,33,AR,50,-40.81,-63.0,69.26,13.73
13,Atuona,9,PF,76,-9.8,-139.03,81.84,15.28
14,Yerbogachen,98,RU,98,61.28,108.01,-10.86,6.33
15,Maniitsoq,66,GL,79,65.42,-52.9,8.4,11.1
16,Alice Springs,5,AU,11,-23.7,133.88,89.6,10.29
17,Noormarkku,20,FI,90,61.59,21.87,35.6,12.75
18,Ushuaia,90,AR,87,-54.8,-68.3,53.6,12.75
19,Esperance,90,AU,82,-33.87,121.9,66.2,5.82
20,Chichimila,8,MX,78,20.62,-88.22,76.21,3.4
21,Mataura,21,NZ,59,-46.19,168.86,63.0,1.99
22,Busselton,0,AU,40,-33.65,115.33,63.86,13.24
23,Malabo,20,GQ,94,3.75,8.78,78.8,5.82
24,Albany,90,US,80,42.6,-73.97,36.05,5.82
25,Atar,13,MR,27,20.52,-13.05,56.44,12.1
26,Grass Valley,90,US,93,39.22,-121.06,47.26,9.17
27,Fare,67,PF,78,-16.7,-151.02,80.47,19.28
28,Norman Wells,5,CA,75,65.28,-126.83,-18.4,9.17
29,Loralai,20,PK,54,30.37,68.6,29.37,4.25
30,Rikitea,0,PF,80,-23.12,-134.97,78.04,10.09
31,Kavieng,100,PG,81,-2.57,150.8,82.76,26.17
32,Dunedin,2,NZ,65,-45.87,170.5,60.01,15.99
33,Georgiyevka,90,KZ,92,43.04,74.71,23.0,2.24
34,Tahta,34,EG,43,26.77,31.5,51.78,6.93
35,Xining,76,CN,72,36.62,101.77,12.7,5.91
36,Salalah,0,OM,25,17.02,54.09,66.2,8.05
37,Hithadhoo,100,MV,72,-0.6,73.08,82.17,9.84
38,Saskylakh,0,RU,91,71.92,114.08,-12.05,9.26
39,Road Town,40,VG,74,18.42,-64.62,77.94,14.99
40,Vagur,100,FO,87,61.47,-6.81,42.62,37.83
41,Arraial do Cabo,90,BR,94,-22.97,-42.03,77.0,6.93
42,Chumikan,0,RU,82,54.72,135.31,-10.3,5.99
43,Kumul,100,CN,42,42.8,93.45,20.88,3.15
44,Moree,0,AU,41,-29.47,149.85,78.6,8.05
45,Tasiilaq,100,GL,45,65.61,-37.64,24.8,13.87
46,Carnarvon,81,AU,78,-24.87,113.63,79.97,5.26
47,Codrington,0,AU,83,-38.27,141.97,63.72,11.59
48,Constitucion,37,CL,89,-35.33,-72.42,57.6,11.97
49,Kavaratti,3,IN,69,10.57,72.64,81.37,10.0
50,Haines Junction,0,CA,83,60.75,-137.51,-18.62,4.63
51,Sheregesh,100,RU,96,52.92,87.99,15.22,1.48
52,Kifri,40,IQ,78,34.7,44.97,45.25,10.83
53,Hilo,100,US,100,19.73,-155.09,69.73,5.99
54,Jamestown,90,US,80,42.1,-79.24,36.84,11.41
55,Kashgar,90,CN,79,39.45,75.98,24.8,4.47
56,Tuatapere,34,NZ,59,-46.13,167.68,63.0,1.99
57,Khovd,62,MN,91,48.01,91.64,-7.55,1.52
58,Fayaoue,100,NC,82,-20.65,166.53,79.5,19.82
59,Los Llanos de Aridane,0,ES,55,28.66,-17.92,62.28,4.7
60,Mandalgovi,58,MN,80,45.76,106.27,-2.24,5.32
61,Farafangana,61,MG,73,-22.82,47.83,81.46,9.06
62,Jeremie,1,HT,86,18.65,-74.12,68.4,2.3
63,Ozernovskiy,100,RU,92,51.5,156.52,25.11,21.05
64,Faanui,85,PF,78,-16.48,-151.75,80.49,18.77
65,Oshakati,43,NA,88,-17.78,15.68,71.6,4.7
66,Chokurdakh,99,RU,96,70.63,147.92,-18.08,1.59
67,Pevek,100,RU,98,69.7,170.31,-5.76,4.43
68,Aksarka,95,RU,94,66.56,67.8,5.79,6.76
69,Onega,100,RU,88,63.91,38.14,29.19,11.83
70,Sisimiut,100,GL,91,66.94,-53.67,-0.09,4.7
71,Cabo San Lucas,40,MX,53,22.89,-109.91,76.37,4.7
72,Jumla,100,NP,98,29.27,82.18,31.14,3.83
73,Kapaa,75,US,78,22.08,-159.32,78.93,21.92
74,Bethel,90,US,100,41.37,-73.41,39.16,2.24
75,Chui,0,UY,71,-33.7,-53.46,66.27,10.69
76,Ancud,90,CL,77,-41.87,-73.82,62.6,4.7
77,Provideniya,75,RU,73,64.38,-173.3,21.2,22.37
78,East London,43,ZA,84,-33.02,27.91,74.23,11.32
79,Camana,92,PE,87,-16.62,-72.71,62.98,4.5
80,Banjar,20,ID,88,-8.19,114.97,80.6,4.7
81,Ahipara,54,NZ,77,-35.17,173.17,75.99,4.0
82,Douglas,90,US,100,41.3,-96.17,33.15,6.93
83,Strathblane,75,GB,75,55.99,-4.31,43.16,32.21
84,Sept-Iles,90,CA,59,50.2,-66.38,4.51,8.05
85,Tuktoyaktuk,20,CA,63,69.45,-133.04,-7.6,13.87
86,Tezu,0,IN,56,27.92,96.17,52.93,2.68
87,Noumea,90,NC,69,-22.28,166.46,82.69,13.87
88,Broome,90,US,86,42.25,-75.83,37.67,3.36
89,Hobart,75,AU,63,-42.88,147.33,68.07,5.82
90,Djambala,26,CG,68,-2.54,14.75,72.34,2.01
91,Qaanaaq,0,GL,45,77.48,-69.36,-8.82,4.45
92,Lockhart,1,US,73,28.62,-81.44,75.36,8.05
93,Torbay,20,CA,66,47.67,-52.73,13.68,16.11
94,Camacha,40,PT,72,33.08,-16.33,62.6,10.29
95,Berlevag,75,NO,86,70.86,29.09,27.66,32.21
96,Nikolskoye,90,RU,80,59.7,30.79,36.21,8.95
97,Giehun,0,SL,73,7.88,-11.05,70.5,1.39
98,Saint George,0,US,32,37.1,-113.58,47.73,6.93
99,Saint-Philippe,66,RE,73,-21.36,55.77,74.14,8.05
100,Rocha,0,UY,75,-34.48,-54.33,62.29,9.89
101,Matara,45,LK,91,5.95,80.54,70.54,2.66
102,Flinders,82,AU,68,-34.58,150.86,75.09,1.12
103,San Patricio,5,MX,74,19.22,-104.7,84.2,6.93
104,Lagoa,100,PT,78,39.05,-27.98,62.67,35.79
105,Wewak,100,PG,86,-3.55,143.63,78.35,5.35
106,Pakxan,24,LA,81,18.38,103.66,63.79,2.51
107,Meulaboh,89,ID,76,4.14,96.13,81.32,4.36
108,Kathmandu,20,NP,93,27.72,85.32,42.8,3.36
109,Lawrenceburg,1,US,81,38.04,-84.9,43.59,3.36
110,Kefamenanu,100,ID,79,-9.45,124.48,76.01,0.81
111,Tiksi,99,RU,90,71.69,128.87,-15.25,4.54
112,Portland,90,US,86,45.52,-122.68,37.33,5.82
113,New Norfolk,75,AU,63,-42.78,147.06,68.07,5.82
114,Orlik,16,RU,81,52.52,99.83,-12.15,3.44
115,Bonthe,0,SL,79,7.53,-12.51,77.72,4.76
116,Oussouye,0,SN,53,12.48,-16.55,73.4,6.93
117,Khatanga,0,RU,89,71.97,102.5,-16.53,6.62
118,Puerto Escondido,5,MX,66,15.85,-97.07,86.0,9.17
119,Klaksvik,88,FO,81,62.23,-6.59,44.6,31.09
120,Tautira,75,PF,70,-17.73,-149.15,84.09,1.12
121,Sur,23,OM,68,22.57,59.53,61.59,2.24
122,Honiara,75,SB,66,-9.43,159.95,89.6,16.11
123,Sandpoint,90,US,73,48.28,-116.55,23.4,4.7
124,Castro,98,BR,86,-24.79,-50.01,67.01,7.72
125,Vung Tau,26,VN,75,10.35,107.08,72.07,3.94
126,Goundam,9,ML,22,16.41,-3.67,56.71,15.08
127,Asau,12,RO,100,46.43,26.4,27.79,3.36
128,San Quintin,0,MX,75,30.48,-115.95,58.37,14.72
129,Kirkuk,44,IQ,83,35.47,44.39,38.55,6.78
130,Lebu,11,CL,83,-37.62,-73.65,57.43,10.36
131,Belomorsk,99,RU,82,64.52,34.77,29.64,13.94
132,Mandapam,30,IN,72,9.28,79.12,76.71,12.84
133,Kiryat Gat,40,IL,93,31.61,34.76,49.68,3.36
134,Dhubri,0,IN,77,26.03,89.97,60.19,4.29
135,Kruisfontein,67,ZA,93,-34.0,24.73,67.03,3.09
136,Vestmannaeyjar,100,IS,57,63.44,-20.27,36.5,40.82
137,Karratha,65,AU,80,-20.74,116.85,84.96,17.0
138,Hermanus,29,ZA,83,-34.42,19.23,72.34,7.0
139,Nome,90,US,79,64.5,-165.41,24.8,14.99
140,Katsuura,20,JP,81,35.13,140.3,43.92,11.41
141,Keti Bandar,0,PK,46,24.14,67.45,63.61,10.69
142,Thompson,90,CA,77,55.74,-97.86,5.0,4.7
143,Gurh,0,IN,43,24.52,81.52,55.9,2.46
144,Bongaree,75,AU,61,-27.08,153.16,78.71,9.17
145,Avarua,50,CK,74,-21.21,-159.78,84.2,17.22
146,Shelburne,90,CA,95,44.08,-80.2,30.49,10.29
147,Qaqortoq,18,GL,46,60.72,-46.03,10.4,4.7
148,Grindavik,90,IS,67,63.84,-22.43,33.08,36.91
149,Ambanja,62,MG,87,-13.68,48.45,76.1,3.62
150,Popondetta,100,PG,75,-8.75,148.25,80.24,3.65
151,Puerto Ayora,90,EC,66,-0.74,-90.35,81.54,14.99
152,Mar del Plata,83,AR,77,-38.0,-57.56,67.03,16.11
153,Morro Bay,1,US,44,35.37,-120.85,57.31,12.75
154,Port Elizabeth,75,ZA,94,-33.92,25.57,71.6,12.75
155,Coos Bay,90,US,100,43.37,-124.22,41.32,9.17
156,Longyearbyen,20,SJ,77,78.22,15.64,-2.2,5.82
157,Vaini,20,TO,79,-21.2,-175.2,84.2,9.17
158,Sovetskiy,61,RU,94,61.36,63.58,15.33,4.83
159,Yangi Marg`ilon,90,UZ,77,40.43,71.72,32.0,2.24
160,Dickinson,90,US,93,29.46,-95.05,62.33,5.82
161,Lukovetskiy,90,RU,92,64.3,41.92,28.4,6.71
162,Talnakh,75,RU,84,69.49,88.4,8.6,35.79
163,Okhotsk,0,RU,68,59.38,143.3,-20.78,8.14
164,Dakar,6,SN,60,14.69,-17.44,68.0,12.75
165,Beloha,1,MG,78,-25.17,45.05,72.12,7.92
166,Vao,82,NC,81,-22.67,167.48,77.59,21.5
167,Sfantu Gheorghe,23,RO,89,45.87,25.78,21.0,3.18
168,Strelka,99,RU,96,58.07,93.03,10.89,3.85
169,Chebarkul,71,RU,87,54.97,60.36,11.89,8.21
170,Chihuahua,90,MX,11,28.5,-106.0,69.8,4.7
171,Den Helder,90,NL,87,52.96,4.76,49.1,28.86
172,Bambous Virieux,40,MU,94,-20.34,57.76,79.41,6.93
173,Provincia di Mantova,33,IT,100,45.17,10.78,31.23,2.24
174,Ribeira Grande,100,PT,84,38.52,-28.7,59.36,28.7
175,Ucluelet,90,CA,69,48.93,-125.55,30.42,4.7
176,Port Alfred,80,ZA,94,-33.59,26.89,71.01,5.01
177,Kalangala,20,UG,94,-0.31,32.23,68.0,3.36
178,Oruzgan,93,AF,89,32.83,66.0,9.21,7.78
179,Clyde River,90,CA,83,70.47,-68.59,-7.6,18.34
180,Cape Town,20,ZA,88,-33.93,18.42,70.47,13.87
181,Dikson,100,RU,93,73.51,80.55,1.63,23.51
182,Gambela,14,ET,45,8.25,34.58,69.91,3.49
183,Bichena,14,ET,56,10.45,38.2,51.28,3.65
184,Margate,75,GB,87,51.38,1.39,50.56,27.51
185,Sironj,7,IN,85,24.1,77.7,57.51,4.61
186,Ballina,90,AU,88,-28.87,153.57,71.19,8.05
187,Rome,90,US,90,43.21,-75.46,35.85,4.05
188,Mossamedes,82,AO,84,-15.2,12.15,73.31,13.35
189,Sarkand,100,KZ,96,45.41,79.92,22.98,4.27
190,Nortelandia,36,BR,87,-14.45,-56.8,75.42,3.96
191,Tokur,0,RU,89,53.13,132.9,-20.34,2.15
192,San Pedro de Cajas,65,PE,76,-11.25,-75.86,43.27,5.5
193,Alyangula,40,AU,83,-13.85,136.42,84.2,9.17
194,Puerto Ayacucho,20,VE,49,5.66,-67.62,89.6,11.41
195,Cockburn Town,75,TC,69,21.46,-71.14,78.8,23.04
196,Kapoeta,8,SS,27,4.77,33.59,77.02,1.79
197,Touros,20,BR,78,-5.2,-35.46,80.6,8.05
198,Mahibadhoo,91,MV,73,3.78,72.97,80.74,15.32
199,Sao Filipe,94,CV,74,14.9,-24.5,69.58,14.9
200,Kaitangata,2,NZ,72,-46.28,169.85,59.0,10.0
201,Port Hedland,75,AU,79,-20.32,118.57,86.0,9.17
202,Igurubi,57,TZ,94,-4.0,33.7,64.27,2.24
203,Kaeo,4,NZ,78,-35.1,173.78,72.64,4.0
204,San Martin,40,AR,49,-33.08,-68.47,91.4,9.17
205,Flin Flon,75,CA,76,54.77,-101.86,-9.4,3.36
206,Manakara,27,MG,94,-22.13,48.02,73.65,2.19
207,Puerto Leguizamo,68,CO,57,-0.19,-74.78,77.97,2.08
208,Bathsheba,75,BB,78,13.22,-59.52,77.0,14.99
209,Cadillac,90,US,86,44.25,-85.4,30.97,3.36
210,Abu Samrah,35,SY,77,35.3,37.18,44.46,0.4
211,Aklavik,5,CA,74,68.22,-135.01,-12.89,8.05
212,Yakeshi,99,CN,100,49.28,120.73,-21.46,2.51
213,Afua,38,BR,88,-0.16,-50.39,76.55,6.44
214,Subirana,20,HN,66,15.2,-87.45,84.2,13.87
215,Acajutla,75,SV,35,13.59,-89.83,86.88,5.82
216,Manzhouli,95,CN,100,49.6,117.43,-16.44,2.66
217,Moron,22,AR,73,-34.65,-58.62,78.8,23.04
218,Yellowknife,20,CA,65,62.46,-114.35,-34.31,4.7
219,Caconda,100,AO,90,-13.73,15.07,61.74,4.76
220,Comodoro Rivadavia,75,AR,35,-45.87,-67.5,89.6,3.36
221,Te Anau,31,NZ,68,-45.42,167.72,51.55,1.21
222,Lompoc,1,US,44,34.64,-120.46,59.27,16.11
223,Olafsvik,100,IS,76,64.89,-23.71,32.81,52.55
224,Vardo,75,NO,85,70.37,31.11,22.59,11.41
225,Walvis Bay,29,NA,88,-22.96,14.51,65.37,6.93
226,Gornopravdinsk,100,RU,94,60.05,69.9,20.41,9.62
227,Bengkulu,99,ID,86,-3.8,102.27,73.08,3.13
228,Mount Isa,39,AU,62,-20.73,139.5,86.0,11.41
229,Leningradskiy,76,RU,94,69.38,178.42,-11.2,6.44
230,Naze,20,JP,87,28.37,129.48,52.75,4.7
231,Kitgum,33,UG,22,3.28,32.89,68.68,3.11
232,Otane,75,NZ,85,-39.88,176.63,55.0,9.84
233,Buraidah,0,SA,41,26.33,43.98,42.8,4.7
234,Guerrero Negro,68,MX,69,27.98,-114.06,61.88,12.62
235,Jalu,100,LY,71,29.03,21.55,57.76,17.4
236,Jidong,12,CN,90,45.22,131.08,-3.28,4.07
237,Myszkow,90,PL,88,50.58,19.32,36.46,10.29
238,Sibolga,80,ID,96,1.74,98.78,70.61,2.91
239,Hamilton,1,US,70,39.18,-84.53,42.3,3.27
240,Ixtapa,5,MX,69,20.7,-105.2,80.78,11.41
241,Lathi,51,IN,52,21.72,71.38,61.7,6.35
242,Cocorit,75,MX,19,27.58,-109.97,78.8,5.82
243,Suratgarh,0,IN,86,29.32,73.9,47.48,4.74
244,Avera,90,US,92,33.19,-82.53,67.96,3.36
245,Bonavista,63,CA,69,48.65,-53.11,14.0,18.01
246,Witu,16,KE,88,-2.39,40.44,77.94,8.93
247,Monte Santo,65,BR,58,-10.44,-39.33,77.74,7.07
248,Pangai,20,TO,70,-19.8,-174.35,86.0,13.87
249,Puerto Cabezas,75,NI,83,14.04,-83.39,82.4,6.93
250,Balatan,21,PH,80,13.32,123.23,78.85,11.48
251,Faya,14,SA,81,18.39,42.45,50.0,9.17
252,Kiama,82,AU,68,-34.68,150.87,73.87,1.12
253,Port-Gentil,40,GA,88,-0.72,8.78,82.4,6.93
254,Biograd na Moru,75,HR,86,43.94,15.45,41.61,5.82
255,Tahoua,100,NE,14,14.89,5.27,75.2,6.93
256,Hasaki,20,JP,93,35.73,140.83,37.13,3.36
257,Summerland,90,CA,50,49.6,-119.67,3.06,12.75
258,Dukat,43,RU,81,62.55,155.55,-16.28,1.59
259,Doctor Juan Leon Mallorquin,75,PY,83,-25.4,-55.27,82.4,5.82
260,Segezha,81,RU,82,63.74,34.32,28.9,13.38
261,La Ronge,75,CA,68,55.1,-105.28,-14.8,9.17
262,Aquiraz,20,BR,74,-3.9,-38.39,82.17,6.93
263,Balkanabat,7,TM,60,39.51,54.37,33.19,2.28
264,Jining,0,CN,71,35.41,116.58,25.9,3.87
265,Cherskiy,97,RU,88,68.75,161.3,-21.84,12.01
266,Havelock,90,US,100,34.88,-76.9,66.63,5.82
267,Mount Gambier,40,AU,77,-37.83,140.77,64.4,10.29
268,Kloulklubed,90,PW,83,7.04,134.26,80.6,8.05
269,Mareeba,40,AU,74,-17.0,145.43,82.35,13.87
270,Ostrovnoy,77,RU,92,68.05,39.51,16.77,15.9
271,Auki,98,SB,77,-8.77,160.7,84.99,21.85
272,Darnah,100,LY,72,32.77,22.64,57.9,19.75
273,Santa Isabel do Rio Negro,61,BR,66,-0.41,-65.02,79.23,1.25
274,AEaenekoski,90,FI,82,62.6,25.73,32.32,10.29
275,Muravlenko,99,RU,93,63.79,74.52,17.42,15.75
276,Pontes e Lacerda,67,BR,95,-15.23,-59.34,75.38,2.06
277,Sao Joao Batista,52,BR,69,-27.28,-48.85,75.0,9.17
278,Ouahigouya,78,BF,13,13.58,-2.42,66.87,17.4
279,Severo-Kuril'sk,78,RU,90,50.68,156.12,20.37,25.23
280,Kiruna,67,SE,73,67.86,20.23,24.8,8.05
281,Pochutla,5,MX,52,15.74,-96.47,88.2,9.17
282,Kemlya,86,RU,94,54.7,45.24,23.77,9.95
283,Ponta Delgada,75,PT,82,37.73,-25.67,62.6,26.4
284,Airai,100,TL,81,-8.93,125.41,73.45,1.79
285,Arrondissement de Vesoul,75,FR,100,47.58,5.83,36.68,5.82
286,Tupaciguara,20,BR,51,-18.59,-48.7,82.4,9.17
287,Coahuayana Viejo,40,MX,42,18.73,-103.68,86.0,2.35
288,Ust'-Uda,20,RU,96,54.17,103.03,-9.18,3.27
289,Roebourne,80,AU,68,-20.78,117.13,85.91,14.09
290,Minab,0,IR,87,27.15,57.08,48.2,6.93
291,Hong Kong,20,HK,72,22.29,114.16,63.48,13.87
292,Mabai,100,CN,95,23.01,104.45,52.5,2.64
293,Supe,10,PE,78,-10.8,-77.73,69.66,4.9
294,Aksu,100,CN,91,41.12,80.26,24.73,0.49
295,Dongsheng,0,CN,85,39.82,109.98,0.79,4.43
296,Mitu,97,CO,88,1.2,-70.17,72.66,1.92
297,Athol,90,US,95,42.6,-72.23,32.05,3.36
298,Kahului,90,US,94,20.89,-156.47,76.53,8.05
299,Nuristan,100,AF,99,35.3,70.83,2.03,2.33
300,Bakel,0,SN,17,14.9,-12.46,69.31,13.76
301,Shaunavon,100,CA,97,49.65,-108.42,-15.81,4.81
302,Sungaipenuh,100,ID,97,-2.08,101.38,63.7,1.92
303,George Town,20,MY,78,5.41,100.34,76.01,4.14
304,Ilulissat,100,GL,71,69.22,-51.1,5.0,21.92
305,Stornoway,97,GB,75,58.21,-6.39,42.84,40.26
306,Kara-Tyube,61,RU,79,44.63,45.44,34.61,12.33
307,Grand Gaube,75,MU,94,-20.01,57.66,79.43,3.36
308,Yanggu,0,CN,80,36.11,115.78,25.14,3.85
309,Sao Joao da Barra,100,BR,92,-21.64,-41.05,76.21,9.42
310,Tura,0,IN,90,25.52,90.22,57.61,1.59
311,Saint-Pierre,68,RE,73,-21.34,55.48,73.54,6.93
312,Arrifes,75,PT,82,37.77,-25.7,62.6,26.4
313,Port Blair,0,IN,75,11.67,92.75,78.69,10.16
314,Pisco,75,PE,30,-13.7,-76.22,71.31,18.34
315,Kualakapuas,35,ID,89,-3.01,114.39,79.07,1.63
316,Dudinka,75,RU,84,69.41,86.18,8.6,35.79
317,Santa Cruz de la Sierra,75,BO,70,-17.8,-63.17,83.19,11.41
318,Udachny,11,RU,83,66.42,112.4,-11.2,2.24
319,Alexandria,78,EG,82,31.22,29.96,53.46,2.66
320,Sabang,24,ID,77,5.89,95.32,81.7,11.59
321,Iglesias,20,IT,100,39.31,8.54,46.42,5.82
322,Atherton,40,GB,81,53.52,-2.49,43.25,12.75
323,Kolosovka,100,RU,91,56.47,73.61,15.44,15.12
324,Dingalan,10,PH,83,15.39,121.39,72.1,7.2
325,Chegdomyn,80,RU,98,51.12,133.02,-20.45,0.34
326,Bone,38,DE,86,51.97,12.14,37.53,10.29
327,Lufilufi,75,WS,79,-13.87,-171.6,84.11,18.34
328,Kandrian,95,PG,96,-6.22,149.55,74.23,6.08
329,Kalmunai,97,LK,64,7.42,81.82,79.3,13.06
330,Srednekolymsk,100,RU,97,67.45,153.68,-15.74,5.39
331,Necochea,87,AR,79,-38.55,-58.74,62.56,8.01
332,Cayenne,83,GF,78,4.93,-52.33,80.6,5.82
333,Saldanha,21,ZA,96,-33.01,17.94,65.86,13.2
334,Plettenberg Bay,68,ZA,94,-34.05,23.37,69.62,5.84
335,Richards Bay,84,ZA,80,-28.78,32.04,76.71,3.6
336,Sao Gabriel da Cachoeira,63,BR,96,-0.13,-67.09,73.99,2.53
337,Sahuaripa,10,MX,29,29.05,-109.23,62.91,3.13
338,Borogontsy,100,RU,98,62.67,131.17,-21.75,3.49
339,Tanabe,0,JP,83,33.73,135.37,37.99,8.39
340,Beauchamps,75,FR,76,50.01,1.52,50.04,18.34
341,Kuytun,61,RU,91,54.34,101.5,-7.15,5.95
342,Mahebourg,40,MU,94,-20.41,57.7,79.43,6.93
343,Ishigaki,75,JP,72,24.34,124.16,68.0,5.82
344,Chimore,99,BO,95,-16.98,-65.13,75.18,2.3
345,Geraldton,90,AU,83,-28.77,114.6,73.4,12.75
346,Rio Brilhante,100,BR,96,-21.8,-54.55,73.35,8.23
347,Tainan,40,TW,82,22.99,120.21,62.49,11.41
348,Ambilobe,52,MG,87,-13.2,49.05,72.93,4.29
349,Cedral,100,MX,36,23.8,-100.73,66.4,3.85
350,Balaghat,0,IN,45,21.8,80.18,55.27,1.88
351,Dingle,78,PH,82,11.0,122.67,75.79,8.39
352,Stromness,78,GB,81,58.97,-3.3,43.81,28.86
353,Nar'yan-Mar,16,RU,91,67.67,53.09,0.63,10.42
354,Prince Rupert,1,CA,44,54.32,-130.32,19.4,4.7
355,Itapirapua,38,BR,79,-15.82,-50.61,74.53,2.21
356,Laguna,90,US,58,38.42,-121.42,53.92,12.75
357,Taft,75,IR,64,31.75,54.21,39.2,6.93
358,Sinnamary,20,GF,83,5.38,-52.95,79.11,15.82
359,Ayagoz,100,KZ,98,47.97,80.44,12.13,7.83
360,Kenai,90,US,85,60.55,-151.26,15.94,7.94
361,Kidal,26,ML,25,18.44,1.41,51.89,14.38
362,Hay River,75,CA,73,60.82,-115.8,-29.2,10.29
363,Fortuna,40,US,93,40.6,-124.16,47.79,13.87
364,Alofi,75,NU,70,-19.06,-169.92,84.2,12.75
365,Chapais,40,CA,84,49.78,-74.85,1.4,3.36
366,Sibu,75,MY,100,2.3,111.82,75.07,1.99
367,Port Macquarie,90,AU,73,-31.43,152.92,77.04,5.82
368,Salasu de Sus,0,RO,69,45.52,22.95,27.21,1.12
369,Yokadouma,100,CM,45,3.52,15.05,68.86,0.67
370,Nola,0,IT,86,40.92,14.53,43.11,2.24
371,Chapleau,5,CA,100,47.84,-83.4,5.0,2.53
372,Hammerfest,90,NO,100,70.66,23.68,28.4,4.7
373,Verkhnyaya Inta,97,RU,98,65.98,60.31,-8.9,6.2
374,Barcelona,20,ES,87,41.39,2.16,40.5,6.93
375,Broken Hill,0,AU,21,-31.95,141.43,80.6,10.29
376,Souillac,40,MU,94,-20.52,57.52,79.43,6.93
377,Neiafu,40,TO,74,-18.65,-173.98,82.4,8.05
378,Zyryanka,100,RU,95,65.75,150.85,-16.44,9.91
379,Dayong,0,CN,93,25.02,118.29,51.8,2.24
380,Ponta do Sol,40,PT,67,32.67,-17.1,58.46,4.7
381,Alegrete,14,BR,30,-29.78,-55.79,85.78,15.57
382,Mega,17,ET,86,4.05,38.3,63.5,0.85
383,Jiangdu,65,CN,93,32.43,119.56,37.72,1.01
384,Tengzhou,0,CN,82,35.08,117.15,28.08,4.65
385,Amguri,0,IN,86,26.8,94.53,55.62,3.31
386,Kremasti,20,GR,81,36.41,28.12,50.94,3.36
387,Cap-aux-Meules,75,CA,72,47.38,-61.86,15.8,5.44
388,Kikwit,56,CD,74,-5.04,18.82,72.43,0.49
389,Sedalia,20,US,100,38.7,-93.23,39.04,13.87
390,Yar-Sale,97,RU,95,66.83,70.83,12.0,8.28
391,Acapulco de Juarez,40,MX,58,16.86,-99.89,87.8,9.17
392,Byron Bay,75,AU,78,-28.65,153.62,72.05,12.75
393,Puerto Suarez,75,BO,66,-18.95,-57.8,89.6,3.38
394,Magadan,13,RU,75,59.57,150.8,0.59,7.81
395,Nanortalik,79,GL,58,60.14,-45.24,20.43,7.0
396,Kuah,20,MY,78,6.33,99.84,75.51,3.36
397,Ibadan,0,NG,83,7.39,3.9,80.6,4.7
398,Vila Franca do Campo,75,PT,82,37.72,-25.43,62.6,26.4
399,Erzin,0,TR,93,36.96,36.2,40.3,6.93
400,Hobyo,17,SO,78,5.35,48.53,76.68,19.53
401,Rameswaram,75,IN,67,9.28,79.3,77.86,15.99
402,Praia da Vitoria,75,PT,87,38.73,-27.07,60.8,34.74
403,Namwala,100,ZM,96,-15.75,26.44,65.57,3.53
404,Farnes,100,NO,93,61.32,7.8,15.26,8.19
405,Bafq,85,IR,58,31.61,55.41,39.47,7.99
406,Dutlwe,0,BW,55,-23.98,23.9,74.88,5.66
407,Pundaguitan,76,PH,83,6.37,126.17,79.48,8.12
408,Cap Malheureux,40,MU,94,-19.98,57.61,79.29,6.93
409,Sorong,91,ID,75,-0.88,131.25,81.95,1.57
410,Alugan,66,PH,83,12.22,125.48,80.83,10.6
411,Pleasanton,75,US,66,37.66,-121.87,54.18,9.17
412,San Cristobal,40,VE,61,7.77,-72.22,82.4,8.05
413,Bekhteyevka,90,RU,94,50.81,37.21,32.0,8.95
414,Barcelos,90,PT,76,41.54,-8.62,49.91,19.46
415,Veraval,50,IN,82,20.9,70.37,55.94,6.93
416,Port Moresby,90,PG,100,-9.44,147.18,75.2,11.41
417,Nicoya,73,CR,49,10.15,-85.45,82.33,26.4
418,Hargeisa,79,SO,91,9.56,44.06,60.06,14.47
419,Saint-Francois,80,FR,64,46.42,3.91,37.24,4.7
420,Narva-Joesuu,79,EE,83,59.46,28.04,35.56,12.73
421,Mayor Pablo Lagerenza,95,PY,60,-19.93,-60.77,85.21,6.46
422,Muisne,90,EC,88,0.6,-80.03,80.6,11.41
423,Maputo,75,MZ,88,-25.97,32.59,77.63,5.82
424,Kokrek,26,RU,60,43.24,46.73,27.48,6.8
425,Cairns,40,AU,74,-16.92,145.77,82.26,13.87
426,Ostroleka,75,PL,100,53.09,21.58,40.17,5.82
427,Pampa,1,US,13,35.54,-100.96,67.15,27.51
428,Takoradze,0,GH,87,4.88,-1.76,78.28,3.53
429,Poya,65,NC,78,-21.35,165.15,78.04,19.57
430,Pangnirtung,90,CA,75,66.15,-65.71,-16.6,3.36
431,Tawang,0,IN,74,27.58,91.87,24.22,3.6
432,Thohoyandou,25,ZA,91,-22.95,30.48,70.0,4.5
433,Vanavara,100,RU,98,60.34,102.28,-2.16,4.59
434,Rawlins,40,US,62,41.79,-107.24,22.19,26.4
435,Coyhaique,4,CL,35,-45.58,-72.07,73.4,11.41
436,Narsaq,98,GL,46,60.92,-46.05,10.4,4.7
437,Muscat,20,OM,59,23.61,58.59,62.6,6.93
438,Devon,75,GB,81,50.75,-3.75,46.17,11.41
439,Shimoda,2,JP,59,34.67,138.95,42.44,1.01
440,Nampula,75,MZ,94,-15.12,39.27,75.2,6.93
441,Socorro,1,US,10,31.65,-106.3,67.01,5.82
442,Evensk,98,RU,75,61.95,159.23,2.03,11.14
443,Khartoum,0,SD,19,15.55,32.53,66.2,9.17
444,Bilma,99,NE,26,18.69,12.92,64.81,12.24
445,Xichang,58,CN,94,27.9,102.26,30.36,2.82
446,Ciudad Lazaro Cardenas,41,MX,73,17.96,-102.2,80.46,3.09
447,Akureyri,90,IS,80,65.68,-18.09,33.8,19.46
448,Windhoek,41,NA,77,-22.56,17.08,68.36,9.17
449,Varkala,40,IN,88,8.73,76.71,77.0,4.7
450,Turukhansk,100,RU,92,65.82,87.98,5.65,14.92
451,Deputatsky,1,RU,67,69.3,139.9,-23.87,3.42
452,Ust-Maya,100,RU,98,60.42,134.53,-17.77,2.19
453,Sibut,67,CF,26,5.72,19.07,68.74,1.34
454,Biltine,27,TD,15,14.53,20.92,65.57,8.16
455,Rafraf,20,TN,93,37.19,10.18,47.34,3.36
456,Pacific Grove,1,US,66,36.62,-121.92,53.6,3.36
457,Port Lincoln,0,AU,69,-34.73,135.87,69.8,8.84
458,Itaqui,44,BR,47,-29.13,-56.55,88.29,14.29
459,Ko Samui,20,TH,78,9.54,99.94,80.6,10.29
460,Nong Han,22,TH,88,17.36,103.11,66.2,4.88
461,Gari,96,RU,92,59.43,62.35,22.78,9.84
462,Aracati,91,BR,85,-4.56,-37.77,78.08,6.89
463,Houston,90,US,100,29.76,-95.36,62.22,5.82
464,Sarangani,55,PH,73,5.4,125.46,82.18,4.47
465,Catherinas Lust,35,GY,80,6.4,-57.6,79.34,18.99
466,Arys,90,KZ,92,42.43,68.8,24.8,0.29
467,Quang Ngai,98,VN,72,15.12,108.8,72.34,3.8
468,Takaungu,3,KE,82,-3.68,39.86,81.36,11.01
469,Cacoal,100,BR,92,-11.44,-61.45,75.85,3.27
470,Romny,98,UA,95,50.75,33.47,33.1,5.26
471,Leh,75,IN,86,34.17,77.58,0.55,7.09
472,Garbolovo,90,RU,80,60.34,30.5,36.21,8.95
473,Bud,1,US,80,39.45,-86.18,39.36,4.7
474,Terre Haute,90,US,80,39.47,-87.41,39.45,4.21
475,Talcahuano,5,CL,72,-36.72,-73.12,66.2,16.11
476,Parry Sound,70,CA,96,45.35,-80.03,25.0,3.22
477,Bara,0,NG,25,10.37,10.73,73.85,7.2
478,Lorengau,99,PG,77,-2.02,147.27,83.25,25.7
479,Washington,90,US,85,47.5,-120.5,19.47,4.7
480,Amga,99,RU,98,60.9,131.96,-8.1,1.9
481,Riachao das Neves,0,BR,70,-11.75,-44.91,73.31,2.04
482,Zemio,74,CF,28,5.03,25.14,65.3,3.85
483,Marawi,50,PH,91,8.0,124.29,75.0,4.0
484,Upata,40,VE,90,8.01,-62.4,69.26,5.44
485,Nizhniy Odes,99,RU,96,63.64,54.86,2.07,7.05
486,Yeppoon,20,AU,58,-23.13,150.73,82.4,8.05
487,Ejido,94,VE,96,8.55,-71.24,45.63,2.89
488,Worksop,100,GB,87,53.3,-1.12,42.96,18.34
489,Abu Dhabi,39,AE,59,24.47,54.37,63.45,6.93
490,Grand-Santi,65,GF,98,4.25,-54.38,72.82,2.33
491,Ciudad Bolivar,92,VE,63,8.12,-63.55,79.0,14.29
492,Cajati,100,BR,86,-24.74,-48.12,67.91,1.92
493,Magnor,64,SE,93,59.95,12.2,35.53,9.17
494,Pacifica,75,US,66,37.61,-122.49,54.19,9.17
495,Abay,75,KZ,84,49.63,72.85,8.6,15.66
496,Skerries,75,IE,75,53.58,-6.11,40.3,13.87
497,Letlhakane,0,BW,63,-21.42,25.58,72.97,4.88
498,Dawlatabad,50,AF,62,36.41,64.91,31.24,5.84
499,Kant,50,IN,77,27.8,79.8,54.7,2.75
500,Whitehorse,5,CA,73,60.72,-135.05,-32.44,2.24
501,Kununurra,40,AU,88,-15.77,128.73,78.8,4.7
502,Hambantota,92,LK,73,6.12,81.12,76.24,16.71
503,Oktyabrskoye,2,RU,55,43.06,44.74,29.62,3.85
504,Dumai,93,ID,87,1.68,101.45,74.82,3.44
505,Aleksandrov Gay,98,RU,96,50.15,48.57,29.91,14.05
506,Wagar,0,SD,87,16.15,36.2,57.83,9.19
507,Acari,87,PE,85,-15.43,-74.62,64.51,3.15
508,Grenville,20,GD,74,12.12,-61.62,80.6,11.41
509,Huarmey,13,PE,71,-10.07,-78.15,71.42,5.86
510,Beira,75,MZ,94,-19.84,34.84,77.0,3.36
511,Lavrentiya,1,RU,76,65.58,-171.0,2.16,13.04
512,Bilibino,78,RU,99,68.05,166.44,-29.18,1.79
513,Moerai,94,PF,78,-22.43,-151.33,77.0,13.98
514,Dubbo,63,AU,50,-32.25,148.62,78.8,17.22
515,Villacarrillo,98,ES,77,38.12,-3.08,39.99,2.26
516,Muros,90,ES,100,42.78,-9.06,53.56,19.46
517,Klyuchi,0,RU,92,52.27,79.17,2.53,11.39
518,Iralaya,75,HN,78,15.0,-83.23,82.4,9.17
519,Cidreira,21,BR,70,-30.18,-50.21,73.83,16.71
520,Korla,100,CN,67,41.76,86.15,16.36,1.12
521,Springbok,18,ZA,40,-29.66,17.89,67.71,5.08
522,Lusambo,67,CD,85,-4.97,23.45,70.92,0.98
523,Kyshtovka,100,RU,92,56.55,76.63,8.76,14.74
524,Sitka,1,US,32,57.05,-135.33,21.51,4.54
525,Methoni,89,GR,87,36.82,21.7,49.6,2.24
526,Luganville,100,VU,95,-15.53,167.17,77.09,3.98
527,Avanuorri,90,NO,100,71.0,24.66,29.44,4.7
528,Giurgeni,0,RO,100,44.77,27.88,27.61,5.82
529,Marsberg,85,DE,75,51.46,8.85,44.73,17.22
530,Adrar,9,MR,29,20.5,-10.07,53.67,10.87
531,Yaan,0,NG,52,7.38,8.57,81.9,8.7
532,Goderich,100,CA,82,43.75,-81.72,33.51,1.01
533,Katobu,100,ID,80,-4.94,122.53,81.59,1.03
534,Tula,14,RU,93,54.2,37.61,22.91,8.16
535,Bukachacha,50,RU,99,52.98,116.92,-17.99,1.16
536,Fairbanks,90,US,84,64.84,-147.72,-2.29,1.32
537,Bereda,75,ES,87,43.27,-7.54,52.21,16.11
538,Iberia,90,US,100,29.95,-91.75,63.73,4.7
539,Nouadhibou,19,MR,39,20.93,-17.03,64.4,5.82
540,Holland,90,US,86,42.79,-86.11,32.25,4.7
541,Sobolevo,100,RU,98,54.43,31.9,33.42,8.5
542,Virginia Beach,75,US,87,36.85,-75.98,60.12,6.93
543,Batticaloa,93,LK,89,7.71,81.69,66.43,3.29
544,Mvuma,35,ZW,90,-19.28,30.53,64.47,4.0
